"CUST_ID","gender","DateOfBirth","State","Contact","Segment"
21868593,"Female","12-Jan-79","VT","789-916-8172","Platinum"
75740424,"Female","13-Jan-70","ME","265-543-1264","Silver"
30308357,"Female","11-Mar-84","TN","798-631-4758","Silver"
47830476,"Female","01-May-86","MA","413-187-7945","Silver"
19269962,"Male","13-May-77","NV","956-871-8691","Gold"
21831191,"Male","17-May-77","NH","419-712-8513","Gold"
18401412,"Male","02-Mar-99","AR","752-398-2914","Gold"
73486606,"Male","25-Oct-99","AK","256-968-9172","Silver"
32813689,"Male","12-Oct-93","ID","142-324-7481","Silver"
33507197,"Female","09-Sep-66","RI","165-519-4583","Gold"
99103685,"Female","30-Dec-85","KY","764-439-9856","Gold"
51583214,"Male","31-Oct-99","NH","743-486-5264","Platinum"
35875366,"Male","16-Sep-90","MD","954-964-1746","Platinum"
21240703,"Male","22-Jul-63","MD","473-561-2675","Silver"
18288638,"Female","14-Jan-69","MI","314-135-1359","Platinum"
63240241,"Male","26-Jul-77","ME","843-379-4796","Silver"
1407979,"Male","15-Mar-87","RI","165-217-1648","Silver"
63916778,"Male","07-Sep-66","IL","146-157-4572","Platinum"
17004138,"Female","13-Aug-65","WA","436-354-4682","Silver"
9667764,"Female","10-Oct-79","SC","643-978-8251","Platinum"
75584003,"Female","22-Apr-67","OK","723-418-3248","Silver"
90012444,"Male","08-Aug-74","KS","749-961-7265","Platinum"
10665308,"Male","21-Jun-99","CT","324-971-8395","Silver"
35597589,"Female","17-Feb-80","IN","826-731-3964","Gold"
1924109,"Male","13-Dec-81","UT","431-179-6475","Gold"
12871942,"Female","01-Apr-95","IN","591-436-5176","Platinum"
32155446,"Male","07-May-85","AZ","847-936-7645","Gold"
35876516,"Male","29-Oct-96","IL","496-426-6748","Silver"
13265356,"Female","27-Jul-62","IA","462-587-7532","Silver"
80379865,"Male","27-Feb-69","NM","427-513-8479","Gold"
64899302,"Male","17-Jul-94","WI","784-623-7631","Platinum"
11278282,"Male","12-Apr-68","RI","148-178-1792","Silver"
90425966,"Male","23-Dec-71","WY","942-259-7583","Silver"
70459181,"Female","03-Sep-88","NY","493-937-8297","Platinum"
91546921,"Male","22-Sep-74","LA","496-784-4836","Platinum"
26489135,"Male","05-Oct-94","DE","654-456-1493","Platinum"
76422302,"Male","04-Jun-89","GA","958-971-7983","Gold"
27205554,"Male","12-Apr-76","RI","521-912-8139","Silver"
60225946,"Female","27-Aug-77","OH","715-356-4572","Gold"
34790013,"Male","17-Jan-79","NY","935-615-6297","Platinum"
53333796,"Male","23-May-90","RI","857-215-9123","Gold"
28307541,"Male","14-Dec-81","WY","763-156-1836","Gold"
85536059,"Female","26-Apr-75","SD","145-285-4675","Platinum"
54642094,"Male","10-Aug-95","NY","963-813-1973","Silver"
47091036,"Male","22-Oct-86","SD","247-436-8713","Gold"
48277275,"Male","27-Mar-96","WV","928-469-4368","Silver"
75252854,"Male","30-Aug-95","NH","542-927-5413","Gold"
31012778,"Female","09-Jun-93","MA","328-683-8359","Gold"
84571128,"Female","16-Aug-95","ME","946-639-5932","Gold"
38286862,"Female","24-Nov-94","NJ","791-831-2514","Gold"
1163515,"Female","03-Feb-95","TX","978-352-7634","Silver"
18361978,"Female","10-Jul-94","CA","463-645-2453","Platinum"
94953428,"Female","07-Dec-77","DE","671-517-9548","Gold"
42333031,"Female","25-Oct-70","WV","972-361-7416","Platinum"
91786228,"Female","26-Dec-63","TN","826-243-9763","Gold"
61051505,"Male","05-Feb-68","OH","649-461-2967","Platinum"
8132649,"Male","23-Sep-75","SD","436-953-6352","Platinum"
49428676,"Female","27-Sep-77","TX","587-946-2153","Silver"
77436411,"Female","06-May-64","TN","679-324-1357","Platinum"
44319192,"Male","07-Nov-68","NC","432-234-3617","Platinum"
57510487,"Male","24-Jan-84","UT","512-657-2135","Gold"
62797342,"Male","01-May-89","MA","348-186-6349","Gold"
56923917,"Female","10-Aug-71","IL","451-134-7825","Silver"
83088652,"Male","05-Oct-98","MD","968-236-9367","Platinum"
53087364,"Female","30-Jul-90","AK","462-412-7423","Platinum"
9089663,"Male","09-Sep-60","MT","763-973-2741","Silver"
83290720,"Male","06-Dec-66","VA","185-825-6547","Gold"
78364565,"Female","07-Aug-61","NM","862-483-5218","Silver"
99761663,"Female","18-Nov-63","NC","643-246-4718","Silver"
6298259,"Female","30-May-69","AZ","712-891-4759","Silver"
51936868,"Male","29-May-88","OR","538-723-7261","Gold"
35907845,"Male","22-Jun-72","IA","384-637-2368","Platinum"
17390816,"Female","03-Sep-87","UT","269-384-1923","Gold"
9908654,"Male","18-Feb-64","AL","179-894-5412","Platinum"
47228798,"Male","18-May-74","HI","364-634-3715","Platinum"
11593991,"Female","22-Dec-65","RI","642-812-6451","Silver"
15036122,"Male","30-Mar-88","IA","893-237-4791","Silver"
59046302,"Male","15-Jan-94","NY","854-356-9378","Silver"
74058124,"Male","12-Nov-90","WV","172-685-2746","Silver"
95221640,"Male","13-Jul-67","MD","712-754-5719","Silver"
5956033,"Female","07-Jul-93","WY","984-397-3427","Silver"
91462331,"Male","02-May-86","SD","163-429-1675","Platinum"
7946799,"Female","10-Mar-76","MT","645-968-6519","Gold"
83884401,"Male","13-Mar-92","ND","947-962-9473","Gold"
36498462,"Female","10-Sep-87","WV","635-136-5671","Silver"
88191021,"Male","11-Jul-86","HI","915-523-3148","Platinum"
88567908,"Female","26-Sep-71","MN","817-685-2347","Gold"
72896975,"Male","26-Feb-70","AL","813-784-4983","Gold"
85650096,"Male","29-Jan-67","MO","954-368-9137","Gold"
51349085,"Male","06-Jun-97","RI","258-762-9482","Silver"
90202451,"Male","04-Jul-89","KY","413-642-7842","Platinum"
55180831,"Male","21-Feb-62","MT","482-319-5783","Gold"
14433043,"Female","13-Jun-71","UT","314-341-6783","Gold"
56590042,"Male","12-Jan-67","AL","254-651-9452","Silver"
43870673,"Male","21-Jun-85","KS","428-238-4918","Gold"
84734050,"Male","21-Apr-60","VA","974-457-9312","Silver"
73246256,"Female","18-Oct-84","IN","146-597-5429","Platinum"
2632562,"Female","14-Dec-85","AK","498-597-9658","Platinum"
74125758,"Male","04-Jan-61","LA","876-786-8624","Gold"
92752865,"Male","30-Jan-86","AK","143-219-5498","Silver"
47086007,"Female","10-Dec-97","NC","347-618-5821","Gold"
33987747,"Male","23-May-73","MO","719-927-1936","Platinum"
37312925,"Male","12-Jan-63","KS","274-346-6391","Gold"
13233814,"Female","01-Jun-62","AR","583-753-8415","Platinum"
32561536,"Male","18-Sep-82","MI","718-215-2831","Platinum"
73456835,"Female","31-Dec-78","CO","376-294-4612","Silver"
84767457,"Female","14-Nov-96","AZ","964-984-9257","Platinum"
31901720,"Male","29-Nov-63","CA","574-674-6381","Silver"
67885239,"Female","17-Sep-66","AL","682-368-5823","Platinum"
94448966,"Female","20-Jun-84","MD","845-768-2513","Gold"
94633091,"Female","14-Jul-90","RI","826-537-1348","Platinum"
90116906,"Male","14-Sep-70","SD","645-465-4938","Platinum"
82832313,"Male","21-Jul-80","NC","679-793-3672","Silver"
87993949,"Male","29-May-69","NJ","754-586-4891","Platinum"
61810954,"Male","18-May-69","TX","724-493-6179","Silver"
55782839,"Female","07-Feb-98","ND","918-849-3279","Gold"
39587790,"Male","10-Jan-65","LA","615-154-3516","Gold"
14293434,"Female","25-Jan-95","IL","269-431-3781","Platinum"
46620413,"Male","11-Dec-91","DE","164-158-7981","Platinum"
53798973,"Female","19-Nov-80","TN","732-893-6125","Silver"
15556454,"Male","01-Sep-96","OK","952-296-8234","Silver"
61497833,"Male","06-Aug-95","WV","179-439-6237","Platinum"
92889077,"Female","08-Mar-63","AR","975-548-7142","Gold"
19171044,"Female","06-Feb-79","WI","281-597-6245","Platinum"
93291407,"Male","08-May-70","FL","945-839-1768","Gold"
96710523,"Male","29-May-80","WY","846-174-8946","Silver"
52542420,"Female","25-Jul-70","CA","371-247-1395","Silver"
37741743,"Female","16-Jul-82","ME","327-256-9257","Gold"
48145469,"Male","22-May-73","IA","946-341-3157","Silver"
25709472,"Male","15-Jan-93","KY","534-697-3498","Gold"
58402401,"Male","13-Jun-79","KS","134-129-8167","Silver"
23092790,"Female","21-Apr-82","NE","362-847-6954","Platinum"
62476442,"Female","27-Jun-85","HI","528-237-8379","Silver"
39943087,"Female","11-Nov-88","NY","473-567-7234","Platinum"
41265642,"Male","29-Sep-89","IA","912-385-7549","Gold"
73383008,"Female","04-Jun-86","AZ","594-592-6745","Gold"
77896466,"Female","16-Feb-97","IL","613-614-1378","Gold"
83526368,"Female","16-Mar-79","MA","468-698-7189","Platinum"
31439710,"Female","11-Mar-88","GA","824-246-5734","Gold"
30227653,"Female","01-Aug-81","CT","945-734-2691","Silver"
86993944,"Male","17-Mar-82","WI","596-612-5431","Silver"
65728108,"Male","22-Nov-84","SC","438-675-4587","Platinum"
45539668,"Male","08-Apr-98","MS","613-276-2471","Silver"
3159546,"Male","20-Oct-87","TX","586-129-9752","Platinum"
88449349,"Male","17-Dec-79","WA","975-547-5196","Platinum"
35937389,"Female","31-Jul-78","AZ","971-841-3152","Silver"
19441247,"Female","10-Jun-74","WV","439-538-7538","Platinum"
7208859,"Female","15-Feb-91","OK","372-267-3189","Gold"
65950591,"Male","25-Jan-69","NH","543-543-2549","Silver"
2327487,"Male","08-Feb-99","AZ","215-589-3761","Platinum"
30722342,"Male","04-Apr-99","OH","316-863-5832","Silver"
31289360,"Male","15-Nov-98","GA","869-486-1267","Gold"
24826170,"Male","05-Mar-87","WA","361-476-4591","Gold"
14860484,"Male","02-Dec-94","OK","864-361-2564","Gold"
39642700,"Female","13-Jun-85","IN","745-342-2471","Silver"
3689105,"Female","23-Mar-99","NE","923-198-9827","Silver"
58850120,"Female","23-Jul-60","UT","819-478-8453","Platinum"
76965994,"Male","28-Mar-60","NY","132-927-9824","Gold"
14490971,"Female","10-Dec-76","MN","614-652-1274","Silver"
88277241,"Male","27-Apr-76","NV","684-482-6745","Platinum"
87386746,"Male","23-Dec-82","ND","741-473-8976","Gold"
55157616,"Female","21-Oct-67","MN","136-736-1978","Gold"
55593844,"Female","02-Mar-65","NC","129-925-2819","Gold"
72556809,"Male","14-Jan-98","ID","582-928-4938","Platinum"
45653187,"Male","22-May-63","AL","836-247-1264","Silver"
48538925,"Female","25-Sep-67","NE","378-563-3695","Gold"
68724425,"Male","06-Oct-61","VA","389-769-2197","Gold"
50817031,"Male","17-Nov-63","MI","728-483-4185","Gold"
16836323,"Male","22-Dec-70","MS","398-364-9741","Gold"
72701589,"Female","23-Aug-94","AR","745-968-1753","Silver"
88126167,"Female","22-Dec-93","IA","691-739-8963","Gold"
50642114,"Female","06-Dec-61","FL","925-298-5137","Gold"
32180678,"Male","24-Feb-85","KS","975-682-7836","Platinum"
74155265,"Male","16-Nov-85","TX","392-739-4873","Gold"
26168099,"Male","27-Oct-95","NC","325-687-3651","Silver"
804961,"Female","07-Dec-97","AL","487-723-4167","Gold"
25823839,"Male","27-Dec-71","ME","678-925-6195","Silver"
61745840,"Female","24-Jul-94","MA","612-684-5472","Platinum"
86024944,"Female","01-Aug-74","AZ","742-298-4693","Silver"
40080423,"Female","13-Sep-69","NY","769-451-9372","Gold"
14275512,"Male","24-Jun-71","MI","362-839-2153","Platinum"
70442756,"Female","16-Jun-63","VA","174-415-5381","Platinum"
36829984,"Female","01-Dec-65","CA","713-967-1935","Platinum"
68772500,"Male","10-Nov-89","TX","562-259-5432","Silver"
154557,"Female","23-May-78","DE","962-879-1238","Platinum"
97640137,"Male","14-Aug-75","SD","812-824-4285","Platinum"
49270602,"Male","10-Apr-60","IL","837-734-6732","Platinum"
25021031,"Female","07-Dec-72","IL","537-548-5913","Platinum"
2590748,"Female","30-Nov-91","MO","185-517-6934","Platinum"
98905793,"Female","11-Nov-93","ID","823-482-5839","Platinum"
39495715,"Male","16-Sep-68","LA","572-615-8539","Gold"
64840478,"Female","14-Feb-74","NM","918-174-7461","Silver"
30541131,"Female","17-Mar-88","CO","857-137-2347","Silver"
51503228,"Male","12-Jul-60","IA","612-258-9783","Silver"
57959733,"Female","31-Dec-67","AR","689-628-5247","Platinum"
82415154,"Female","08-Mar-80","DE","578-942-1542","Platinum"
67861420,"Female","28-Apr-92","UT","645-657-5692","Platinum"
16811546,"Male","09-Jul-76","KS","486-341-4781","Gold"
74840885,"Female","09-May-66","IA","149-458-3751","Platinum"
95719884,"Female","26-Nov-89","CT","759-157-6329","Platinum"
22856223,"Female","07-Aug-63","AR","728-953-8257","Platinum"
26965990,"Female","14-Dec-98","NH","823-634-8723","Platinum"
48447568,"Male","26-Jun-62","CT","294-936-9134","Gold"
16102401,"Male","07-Oct-96","CT","148-543-1362","Silver"
26448215,"Female","10-Mar-83","CT","765-438-8462","Silver"
40922910,"Male","12-Sep-63","IN","246-527-5983","Gold"
43293983,"Female","12-Aug-89","NM","356-724-4721","Gold"
51195864,"Female","24-Nov-71","ND","831-136-3859","Gold"
36395486,"Male","06-Mar-71","ND","365-482-4683","Gold"
32850276,"Male","29-Oct-63","ME","893-673-8192","Platinum"
94041088,"Male","16-Jul-90","NM","815-641-3516","Silver"
90718924,"Male","30-Sep-70","ME","185-286-2134","Silver"
51278451,"Female","23-Apr-82","NJ","597-396-2931","Gold"
16868327,"Male","14-Feb-68","VT","426-293-4958","Silver"
32269248,"Female","27-Jun-71","NE","574-857-9387","Gold"
35410919,"Female","07-May-95","AZ","862-765-3425","Silver"
20716946,"Female","10-Jun-81","KY","526-579-6814","Platinum"
90102508,"Male","25-Jul-85","AZ","794-134-3864","Gold"
40744509,"Male","18-Sep-99","MD","746-571-4539","Gold"
51460517,"Male","25-Dec-69","ND","925-214-7481","Gold"
9677945,"Female","28-May-87","SC","849-461-6419","Platinum"
34297743,"Female","17-Mar-76","WI","726-673-6513","Platinum"
17682060,"Female","21-Nov-74","NV","186-195-3465","Gold"
29750601,"Female","28-Oct-95","RI","652-976-9723","Platinum"
97698815,"Male","06-May-77","OH","352-765-2183","Gold"
28920170,"Male","18-Jul-62","ID","498-547-6829","Silver"
55572419,"Female","31-May-65","CO","728-934-9134","Gold"
77219712,"Female","05-Aug-99","NH","649-592-8793","Platinum"
39286853,"Female","23-Jun-93","ND","829-753-4352","Platinum"
47226965,"Male","27-Jun-95","MN","935-251-3941","Platinum"
68757979,"Female","07-Jun-64","KY","835-238-5426","Platinum"
69956308,"Female","09-Feb-81","AL","934-541-3417","Gold"
47603757,"Female","09-Aug-96","NE","214-247-6582","Platinum"
83534717,"Male","17-May-65","MI","732-632-3689","Silver"
40480522,"Female","30-May-84","NV","739-259-6835","Gold"
86597605,"Female","21-Apr-62","ME","794-584-3826","Gold"
7829022,"Male","12-Aug-80","ND","964-432-2841","Platinum"
77985379,"Female","20-May-84","MD","619-412-8295","Platinum"
2826434,"Female","25-Nov-94","MN","863-274-1853","Platinum"
16548727,"Female","11-Nov-84","ND","475-651-3249","Platinum"
94267140,"Male","07-Oct-67","MO","765-672-8396","Gold"
5637733,"Male","27-May-64","ID","567-617-1874","Platinum"
684748,"Male","03-Aug-77","AK","613-385-2863","Gold"
65047878,"Female","23-Aug-79","SD","593-329-6298","Silver"
84614509,"Male","14-Jan-81","WI","576-536-8742","Silver"
93766634,"Female","20-Sep-70","OH","871-813-4512","Gold"
68712439,"Male","17-Aug-90","WI","397-361-3286","Platinum"
88785895,"Male","24-Apr-77","CO","549-729-2915","Gold"
33924586,"Female","28-Mar-76","MA","187-187-9648","Silver"
1852176,"Male","23-Jun-67","PA","563-749-5436","Platinum"
58107776,"Female","26-Jun-74","HI","794-819-7165","Silver"
30743608,"Male","19-Feb-90","DE","541-523-1263","Gold"
50530333,"Male","22-May-99","WA","152-152-9356","Silver"
29282358,"Female","05-Oct-85","NE","291-953-5768","Gold"
55375167,"Male","30-Mar-69","NE","245-617-1348","Silver"
37692329,"Male","28-May-92","LA","195-175-4275","Platinum"
2753882,"Female","12-Oct-94","CA","739-738-7493","Platinum"
88219691,"Female","27-Oct-94","NJ","298-359-2684","Silver"
67722830,"Male","30-Nov-73","TN","674-654-7168","Platinum"
11321295,"Male","13-Nov-65","DE","429-596-2169","Platinum"
28502965,"Female","11-Sep-66","DE","598-625-9431","Silver"
51782731,"Male","18-Dec-89","PA","728-916-1287","Silver"
76395629,"Male","29-Jan-72","ID","812-836-7854","Silver"
20960664,"Female","28-Oct-87","VT","276-719-1489","Platinum"
79683883,"Male","30-Sep-85","WY","194-892-7628","Gold"
33388786,"Female","13-Apr-82","MO","182-164-7386","Gold"
52361935,"Male","27-Mar-95","MI","925-931-3164","Silver"
97038550,"Female","08-Oct-73","FL","963-613-5369","Platinum"
25911554,"Female","21-Jun-98","IN","321-235-9236","Gold"
43834942,"Female","08-Sep-80","ND","281-286-8362","Gold"
17242900,"Male","27-Mar-82","NM","472-435-3847","Platinum"
54094880,"Male","01-Jun-84","DE","568-481-7418","Silver"
59809467,"Female","03-Dec-87","IN","231-893-6274","Silver"
62204138,"Female","15-Dec-89","DE","471-934-4961","Platinum"
93993324,"Male","23-Feb-64","WI","853-261-1783","Gold"
84995304,"Female","05-May-85","GA","347-765-3861","Silver"
70955654,"Female","23-Aug-92","IL","867-154-5847","Silver"
43274276,"Female","22-Apr-77","OR","829-634-2537","Silver"
23236713,"Male","24-Jan-94","OK","564-237-8963","Silver"
76501371,"Male","14-Feb-76","NY","341-346-8795","Silver"
56554262,"Male","26-Oct-82","ND","142-258-9876","Silver"
48123202,"Female","31-Dec-98","AL","932-672-6327","Gold"
93915431,"Male","08-Sep-67","ME","134-785-1687","Gold"
38560100,"Female","01-Nov-73","IL","586-724-1493","Platinum"
31544049,"Male","04-Jun-71","KS","672-351-1964","Silver"
68615086,"Male","12-Nov-80","VT","326-937-6952","Platinum"
55535045,"Male","11-Aug-94","AR","164-539-3948","Gold"
17988592,"Male","16-Dec-99","NM","472-186-4937","Platinum"
4883962,"Male","20-Jan-72","FL","478-721-9743","Platinum"
33812279,"Male","17-Jul-91","KS","621-297-6317","Platinum"
81854173,"Male","13-Mar-93","CO","743-429-8173","Gold"
24579061,"Female","24-Nov-67","IN","763-365-2837","Platinum"
29478976,"Male","06-Oct-83","MO","964-768-7924","Gold"
10462042,"Female","06-Jun-64","WA","351-316-3172","Platinum"
52265112,"Female","21-Aug-87","MA","251-361-5218","Gold"
53900680,"Male","06-Mar-99","MA","591-168-3457","Silver"
69784779,"Female","20-Aug-90","IA","521-358-6847","Platinum"
26810768,"Female","02-Jul-87","WA","387-791-4125","Platinum"
82637319,"Male","17-Mar-99","KY","647-375-9124","Platinum"
69546065,"Male","12-Jun-94","PA","641-659-5972","Platinum"
67427492,"Female","01-Nov-92","MN","693-794-2741","Silver"
18213216,"Male","06-Oct-69","KY","416-461-9145","Silver"
98204394,"Male","06-Dec-68","VA","685-823-5284","Silver"
63413368,"Male","01-Sep-66","VA","958-159-2173","Silver"
91136854,"Female","07-Apr-98","WI","943-194-1759","Silver"
11187680,"Female","11-Oct-74","CO","841-732-5392","Silver"
88205075,"Male","03-Jun-73","VA","631-658-1329","Platinum"
40728123,"Male","03-Jul-77","UT","298-863-2514","Platinum"
65176092,"Male","23-Nov-75","NC","651-379-2486","Silver"
84229777,"Female","18-Mar-76","TN","728-184-5376","Platinum"
76093960,"Female","23-Jun-84","OK","867-923-3798","Silver"
36994344,"Male","16-Dec-75","ME","673-618-4586","Silver"
68043300,"Male","03-Jun-93","MN","687-879-7692","Platinum"
28901669,"Female","28-May-81","MT","798-435-4862","Silver"
86916099,"Female","15-Mar-69","ME","386-156-9384","Gold"
29826894,"Female","06-Jan-91","AZ","124-198-8153","Silver"
79637467,"Male","27-Mar-71","IA","736-694-8274","Gold"
36632227,"Female","09-Jun-60","GA","369-589-9865","Silver"
77510822,"Female","18-Mar-86","AK","436-934-7156","Silver"
2651069,"Male","09-Mar-99","AL","681-981-1478","Gold"
8150738,"Female","06-Dec-87","NH","842-127-7916","Platinum"
67268108,"Male","18-Oct-73","FL","159-192-1758","Platinum"
53907868,"Male","07-Feb-78","WA","768-578-9871","Platinum"
86246733,"Male","17-Jul-82","MN","248-471-2985","Gold"
45568489,"Female","03-Nov-67","OH","826-463-4186","Silver"
28032985,"Female","10-Dec-64","NM","926-817-6247","Gold"
33210182,"Male","09-Nov-89","CA","387-759-2586","Platinum"
24731784,"Female","17-Oct-80","DE","169-631-1283","Silver"
36126424,"Female","11-Feb-81","ME","398-768-5283","Platinum"
95452498,"Female","21-Feb-88","MI","391-537-8235","Silver"
22756942,"Male","09-Oct-82","FL","462-823-3126","Silver"
62489316,"Female","15-Aug-93","GA","985-185-1659","Gold"
4825461,"Female","27-Apr-65","NE","791-473-9763","Platinum"
63915259,"Male","22-May-86","GA","829-157-6239","Gold"
6723724,"Female","20-Apr-89","AL","592-368-3149","Platinum"
51719336,"Female","06-Jul-66","AK","149-149-3164","Platinum"
89808931,"Female","22-Jul-89","WA","524-613-4786","Silver"
55105629,"Male","06-Feb-81","TN","516-198-5127","Silver"
79076502,"Female","30-Dec-77","NJ","259-527-3218","Silver"
81131066,"Male","01-Nov-68","AL","579-265-6183","Gold"
75995055,"Female","14-Dec-95","OK","845-854-5473","Gold"
24425429,"Female","09-Jun-87","NC","894-913-8453","Gold"
51382348,"Male","28-Dec-70","MT","594-728-3497","Silver"
18842829,"Male","10-Sep-69","ME","561-158-4657","Platinum"
98180346,"Male","16-Feb-92","NV","685-872-4789","Platinum"
53013094,"Male","07-Jun-76","PA","192-576-9158","Silver"
25263633,"Male","04-Dec-66","ND","536-497-6752","Silver"
16444738,"Female","18-Feb-90","TN","298-376-5293","Platinum"
64231993,"Male","15-Jul-82","CO","617-896-5736","Gold"
89530919,"Male","20-Sep-73","IL","938-684-9572","Gold"
38011078,"Female","20-May-76","NE","271-123-1475","Gold"
76314493,"Female","02-Oct-61","DE","389-764-4853","Silver"
51975640,"Female","10-May-82","NC","139-648-8714","Silver"
47593642,"Male","20-Jun-70","HI","596-684-9786","Gold"
42439009,"Female","17-Sep-76","NV","591-218-5973","Gold"
51613894,"Male","02-Jan-88","MO","675-213-7462","Silver"
49078798,"Male","07-May-65","VT","168-931-2841","Gold"
17822772,"Male","07-May-89","OK","428-196-6913","Platinum"
94643289,"Male","24-Apr-98","AK","317-612-1425","Silver"
47535244,"Female","16-Sep-61","TN","413-134-6842","Gold"
70770204,"Female","17-Jan-84","CT","935-274-6725","Silver"
92171044,"Male","24-Jul-64","WI","156-514-3516","Gold"
98218159,"Female","02-Sep-76","PA","563-417-5261","Platinum"
24112592,"Male","11-Jun-80","NV","916-185-5697","Platinum"
97053819,"Female","06-May-97","NC","243-295-1862","Gold"
88484857,"Male","21-May-60","UT","189-845-2459","Silver"
89965541,"Male","19-Jun-67","MT","359-678-4658","Silver"
96431710,"Female","20-Jul-82","NM","349-214-6872","Gold"
13059025,"Female","28-Aug-99","RI","624-716-1427","Platinum"
49481916,"Female","28-Mar-96","SC","734-137-4865","Silver"
10956208,"Male","21-Dec-84","AZ","194-786-8173","Gold"
43059280,"Male","16-Dec-94","RI","651-127-8152","Platinum"
92971195,"Male","02-Feb-75","DE","892-173-4657","Gold"
97578924,"Male","22-Nov-78","CO","654-176-5324","Platinum"
81790039,"Female","22-Jun-95","HI","612-374-9851","Gold"
36812323,"Male","24-Jan-60","ND","237-257-3415","Silver"
63544225,"Female","30-Mar-99","CO","934-658-2318","Platinum"
4669941,"Male","03-Aug-82","AK","761-462-3458","Platinum"
64395359,"Female","08-Sep-94","CA","968-896-9268","Silver"
25634799,"Female","04-Nov-74","KS","724-781-3692","Platinum"
31654316,"Female","12-Jul-81","IN","683-351-1463","Gold"
49499709,"Male","05-Oct-77","KS","827-152-3125","Silver"
45415342,"Female","12-Mar-96","DE","915-398-4596","Platinum"
72734097,"Male","16-Mar-60","MA","392-741-5178","Gold"
94707309,"Female","04-Jun-88","MA","835-123-6381","Gold"
84750181,"Female","16-May-93","AK","419-431-6251","Platinum"
58380749,"Female","12-Aug-73","SC","672-491-4529","Silver"
42345842,"Female","21-Jan-75","NH","795-476-5347","Gold"
54103924,"Male","08-Mar-85","NJ","794-849-1953","Gold"
48099288,"Female","24-Feb-87","HI","918-942-6527","Gold"
57896241,"Male","11-Sep-96","VT","678-356-9671","Silver"
70730377,"Female","28-Jan-78","CO","835-781-6495","Gold"
6125426,"Female","23-Apr-98","NE","317-978-1285","Silver"
48227009,"Male","22-Jan-90","VA","593-164-6714","Gold"
86308184,"Female","25-May-90","WV","613-849-3215","Platinum"
69065193,"Female","26-Sep-80","MT","963-496-4127","Silver"
79846638,"Female","17-Sep-69","MO","248-215-1346","Platinum"
38047917,"Male","18-Aug-85","VT","972-254-1352","Gold"
73611258,"Male","08-Mar-95","WV","246-752-9853","Gold"
14696479,"Female","07-Jul-91","IA","678-719-8217","Silver"
25166037,"Male","28-Oct-99","AL","537-268-6189","Gold"
1123356,"Female","29-Jul-60","OR","736-725-9481","Silver"
97162684,"Male","19-May-94","WV","874-957-9764","Silver"
95055469,"Female","23-Jun-64","MS","632-725-7146","Platinum"
56985179,"Male","14-May-74","MN","894-163-7685","Platinum"
69039320,"Female","16-Sep-75","NH","216-854-4563","Platinum"
84514444,"Female","26-Jun-82","NV","712-156-7298","Platinum"
79953263,"Male","14-Jan-67","ID","685-954-6532","Platinum"
15557396,"Male","03-Nov-75","AR","915-247-7815","Gold"
95002919,"Male","15-Apr-64","TN","128-196-6753","Platinum"
7612094,"Male","26-Aug-83","UT","145-734-4176","Gold"
53260501,"Female","24-May-98","OK","624-125-7382","Silver"
92072156,"Female","28-Jul-71","DE","186-419-2974","Silver"
77570823,"Female","20-Dec-63","AL","846-573-6251","Platinum"
69010101,"Female","23-Oct-71","AR","825-591-5293","Platinum"
1223055,"Male","02-Jun-95","CA","726-984-2871","Platinum"
9884792,"Male","23-Dec-74","GA","764-745-3951","Silver"
1144598,"Female","27-Apr-80","WY","571-397-1798","Platinum"
59716520,"Male","05-Aug-86","CT","348-546-2769","Silver"
59056552,"Female","10-Apr-93","NC","864-129-4829","Gold"
25164999,"Female","25-Oct-93","MD","261-583-6387","Silver"
70761779,"Female","12-Jul-92","AL","932-146-8539","Silver"
62934102,"Female","25-Jul-97","OR","518-352-6498","Silver"
11472207,"Male","19-Apr-61","TN","217-817-4251","Gold"
97856694,"Female","14-Nov-91","TN","639-694-8245","Gold"
86818440,"Male","28-Dec-83","WA","397-129-9435","Platinum"
66433138,"Male","27-Jun-78","TX","752-617-3867","Gold"
87806611,"Female","11-Oct-78","MD","276-785-5134","Silver"
36252121,"Female","29-Apr-85","IN","127-359-1385","Gold"
19916012,"Female","22-Jan-64","KS","417-426-7961","Silver"
79440308,"Female","11-Mar-97","AR","623-328-4615","Gold"
23116437,"Female","06-Jun-65","KY","625-325-1724","Silver"
58957713,"Female","22-Jun-62","MO","146-714-8675","Gold"
4798021,"Male","16-Jan-60","FL","516-315-9143","Platinum"
83441797,"Male","01-Dec-97","IL","489-528-1573","Silver"
30154531,"Male","16-Nov-74","MA","482-654-2465","Platinum"
38117638,"Female","04-Jun-92","MA","175-527-2541","Silver"
12112711,"Female","15-May-97","CA","795-234-3741","Platinum"
4652602,"Female","03-Oct-78","PA","128-371-7892","Gold"
45187280,"Female","04-Apr-96","ND","325-842-5629","Gold"
77930023,"Male","27-Sep-82","GA","967-682-2918","Silver"
58934617,"Male","01-Apr-90","CA","157-896-3619","Platinum"
41182960,"Male","31-May-70","CA","865-345-1634","Gold"
64488618,"Male","28-Feb-74","RI","967-894-1953","Silver"
59793026,"Male","09-Dec-66","ME","231-719-3629","Gold"
86621072,"Female","17-Sep-67","AR","194-254-6572","Platinum"
47250458,"Female","26-Aug-88","VT","157-132-6489","Platinum"
35163792,"Female","22-May-94","CO","371-423-2618","Platinum"
93871952,"Male","01-Sep-93","NC","582-426-1238","Platinum"
32464636,"Female","25-Aug-88","DE","862-247-1496","Gold"
7583158,"Female","20-Mar-97","MT","481-519-7921","Gold"
80670612,"Female","12-Jul-94","OH","549-586-9146","Gold"
21840201,"Female","21-Jan-91","KY","281-146-5627","Platinum"
29130403,"Male","27-Dec-98","VT","457-421-1976","Silver"
89806715,"Female","26-Oct-60","IA","157-529-5243","Silver"
56016139,"Male","10-Mar-70","WI","346-389-9324","Platinum"
20028241,"Male","19-Sep-90","MA","762-628-3261","Platinum"
98341654,"Male","16-Dec-97","NH","375-624-6749","Platinum"
44643917,"Male","19-Dec-68","WA","278-698-5972","Gold"
76185878,"Male","27-Jan-94","NC","463-812-2598","Gold"
18665169,"Female","24-Feb-72","MD","429-825-9486","Gold"
17177153,"Female","03-Oct-85","HI","951-927-8617","Platinum"
84736739,"Male","27-Feb-94","NE","948-947-1695","Gold"
20110599,"Female","22-Apr-87","SD","163-459-7846","Silver"
15635627,"Male","16-Mar-97","OK","417-531-1953","Silver"
3374112,"Female","11-Nov-60","MI","213-968-4851","Platinum"
78415715,"Female","28-Jul-78","OH","381-591-8265","Platinum"
83080037,"Male","16-Jun-82","MA","965-968-1539","Silver"
74017955,"Male","09-Dec-70","CO","582-859-4869","Gold"
33372791,"Male","27-Mar-65","NC","642-328-5489","Gold"
48874104,"Male","05-Dec-80","GA","638-891-6419","Silver"
61822144,"Male","21-May-98","LA","184-816-8412","Silver"
95418320,"Male","01-Aug-88","IN","324-817-2436","Silver"
26450621,"Female","14-Feb-87","FL","579-358-6391","Silver"
64622520,"Female","03-May-85","MT","624-571-5793","Gold"
32521691,"Female","07-Jan-86","ME","326-536-6253","Platinum"
39444603,"Female","12-Apr-69","TN","431-425-7815","Platinum"
48960366,"Male","09-Aug-64","NC","528-576-2918","Platinum"
80701300,"Female","28-Jul-94","MS","593-423-4839","Silver"
13275896,"Male","18-Feb-69","NV","659-459-7463","Platinum"
62816998,"Male","22-Dec-60","AL","941-923-5623","Silver"
85700566,"Male","17-Aug-68","DE","289-394-4517","Gold"
81138909,"Male","09-Aug-89","NY","163-876-9473","Silver"
31115028,"Female","16-Oct-65","NE","321-243-9564","Silver"
59843845,"Female","14-Nov-92","LA","657-637-9325","Platinum"
75471235,"Male","23-Jul-91","CO","942-659-6475","Gold"
37365245,"Male","24-Apr-72","ND","278-968-4875","Silver"
30886292,"Male","13-May-74","PA","179-142-9184","Silver"
20094340,"Male","05-Jun-66","WY","497-752-5396","Silver"
40948894,"Female","16-Jul-73","UT","239-839-2365","Gold"
59903277,"Male","19-May-96","OK","634-697-8673","Gold"
4412055,"Female","28-May-64","AK","576-276-4931","Gold"
63302691,"Female","27-Feb-78","WI","496-493-1743","Gold"
69473158,"Male","23-Feb-89","WA","962-461-7829","Gold"
30943507,"Female","27-Dec-75","MO","184-859-7185","Silver"
88072232,"Male","05-Jun-83","AZ","932-518-9524","Gold"
17859000,"Female","05-Apr-79","IA","732-758-2761","Gold"
44758258,"Female","14-Nov-85","NJ","789-241-7938","Silver"
59389375,"Male","03-Nov-88","VA","985-924-8693","Gold"
56357617,"Male","03-Dec-94","HI","479-834-2685","Gold"
82034436,"Female","10-Jun-73","NH","612-831-3179","Gold"
85532819,"Male","09-May-79","NY","452-524-8423","Silver"
23741962,"Female","06-Aug-68","NJ","493-483-5418","Silver"
96543848,"Male","07-Dec-65","WV","341-659-5319","Gold"
91135917,"Male","15-Aug-86","NV","697-129-2549","Platinum"
524545,"Female","10-Aug-80","NC","798-862-5398","Gold"
89479887,"Male","26-Feb-96","MO","527-156-6825","Platinum"
73495163,"Male","30-Dec-74","NY","852-943-3847","Platinum"
49889657,"Male","21-Aug-75","NE","528-923-7546","Silver"
96931053,"Female","26-Jan-97","NV","958-657-4621","Gold"
1300972,"Female","08-Jun-66","ID","378-587-1687","Platinum"
83887508,"Female","07-Jun-69","ID","965-541-7429","Gold"
53897607,"Female","31-Aug-75","CO","975-825-8352","Gold"
92392817,"Female","09-Feb-88","ME","269-614-8632","Gold"
75086914,"Male","18-Nov-65","LA","123-389-3254","Platinum"
27868943,"Female","11-Sep-80","IN","951-875-3657","Platinum"
42238302,"Male","12-Sep-93","NY","764-365-5234","Platinum"
83882449,"Male","31-Jan-92","AR","361-389-8923","Platinum"
53191091,"Male","26-Mar-65","MD","592-942-4216","Silver"
55836042,"Male","17-May-83","AR","687-713-6528","Silver"
19796899,"Female","17-Dec-75","TX","725-873-8239","Gold"
42014103,"Male","06-Feb-99","MS","561-657-4953","Gold"
66632396,"Female","13-Feb-61","MO","247-859-1298","Silver"
34778857,"Male","10-Aug-75","TN","643-645-8493","Gold"
28437868,"Female","31-Jan-68","NY","398-185-7936","Platinum"
85641672,"Male","09-Nov-79","PA","512-318-6489","Platinum"
86985239,"Male","04-Sep-69","NV","194-354-9283","Gold"
19409471,"Male","07-Nov-63","AR","215-978-4689","Silver"
98537509,"Female","10-Sep-89","NJ","342-312-9723","Gold"
36871042,"Male","20-Feb-99","RI","428-836-7356","Gold"
62206180,"Male","09-Dec-67","NC","914-173-2839","Silver"
6448629,"Female","23-Oct-84","SD","532-279-9851","Gold"
30197131,"Female","23-Nov-73","MT","518-765-8532","Gold"
7988398,"Male","12-Sep-76","PA","459-421-4897","Gold"
13687085,"Male","18-Nov-97","DE","137-146-7356","Platinum"
30864915,"Male","09-Jul-82","LA","231-692-9132","Gold"
44665885,"Female","15-Aug-94","CT","312-791-7619","Platinum"
14604149,"Male","07-Apr-64","IL","458-539-9346","Platinum"
9600820,"Female","19-Feb-62","MN","356-384-4378","Gold"
54275114,"Male","22-Jul-68","MT","913-256-4138","Gold"
24065986,"Male","25-Nov-98","PA","416-398-8934","Silver"
52208972,"Female","22-Dec-76","OR","563-624-6872","Silver"
13435761,"Female","24-Jul-73","GA","241-382-4182","Gold"
64916376,"Male","24-Jul-99","MD","723-957-1396","Platinum"
35895151,"Male","12-Aug-76","VT","158-152-8735","Platinum"
8201624,"Female","11-Nov-80","NV","761-527-7361","Platinum"
55933927,"Male","02-Nov-65","AL","143-139-8267","Gold"
65899365,"Female","25-Jul-73","TX","135-971-8567","Platinum"
57025376,"Female","20-Sep-65","OH","724-817-2586","Silver"
92189083,"Male","07-May-64","TN","935-642-8416","Gold"
83836752,"Female","24-May-86","MS","435-561-9674","Platinum"
43806629,"Female","05-Nov-86","MN","561-183-4857","Gold"
7303971,"Male","12-Mar-92","ME","691-856-6412","Silver"
35189228,"Male","29-Oct-74","RI","951-982-4276","Gold"
47879133,"Female","16-Dec-81","CT","918-957-1486","Gold"
25550440,"Male","11-Aug-84","NY","173-589-2678","Gold"
38718253,"Male","19-Jul-68","IL","423-385-8591","Gold"
44632301,"Female","23-Feb-81","WV","261-697-1863","Silver"
46691405,"Male","03-Dec-99","NY","849-637-4683","Gold"
96395873,"Female","13-Oct-63","PA","397-921-2875","Platinum"
25582668,"Female","20-Jun-93","SD","843-873-3714","Platinum"
21969808,"Female","07-Oct-98","IA","961-647-1945","Platinum"
56525103,"Male","27-Dec-99","CO","312-385-7329","Gold"
59510159,"Male","27-May-81","IN","421-734-8421","Gold"
76666463,"Female","30-Jan-91","DE","614-357-3216","Gold"
10330113,"Female","23-Feb-96","ID","124-294-1973","Platinum"
85250389,"Female","08-May-67","TX","827-367-5247","Platinum"
17330419,"Female","15-Dec-98","DE","625-981-8926","Silver"
62935855,"Male","16-Dec-93","MD","162-183-8139","Gold"
27304494,"Male","11-May-65","MO","214-139-4297","Gold"
15820948,"Male","22-Feb-64","TX","583-641-3184","Silver"
25989608,"Female","04-Mar-97","IA","498-475-7823","Gold"
64214079,"Male","26-Feb-81","ME","579-765-9642","Gold"
58468142,"Female","21-Mar-95","TX","684-172-1892","Gold"
12108789,"Female","09-Apr-67","IA","529-962-3471","Gold"
25365364,"Male","29-Apr-73","RI","362-491-4692","Platinum"
76339681,"Female","08-Mar-90","MI","843-529-3256","Platinum"
97514724,"Male","08-Jun-69","FL","641-684-7986","Platinum"
14501963,"Male","24-Oct-80","NM","978-631-4759","Gold"
41673539,"Female","23-Mar-97","ID","738-935-7236","Platinum"
47730331,"Male","02-Aug-84","MD","295-618-9248","Platinum"
91180828,"Female","17-Mar-87","MI","136-473-6752","Platinum"
86237672,"Male","26-Jul-63","IL","384-642-8162","Gold"
47437882,"Male","04-Jan-88","AR","819-543-1365","Platinum"
87092211,"Male","20-Jun-80","ME","128-398-1894","Silver"
49820646,"Male","03-Mar-84","IL","761-237-6184","Silver"
77542013,"Male","19-Oct-77","CO","652-914-5274","Platinum"
40950455,"Male","19-Sep-78","TX","679-963-5234","Gold"
97115629,"Female","22-Sep-96","MT","295-347-9854","Gold"
30831279,"Male","28-May-84","ME","516-973-5972","Silver"
28866353,"Male","07-Mar-67","ID","973-967-2815","Silver"
23142036,"Female","10-Mar-84","CO","628-758-6123","Gold"
89986804,"Female","02-Apr-66","LA","163-572-9136","Silver"
44467682,"Male","27-Dec-93","IN","571-162-2735","Gold"
45812655,"Male","11-Aug-95","VA","123-346-2854","Gold"
49531152,"Male","23-Feb-71","FL","857-681-7518","Platinum"
5152503,"Male","27-Aug-75","ND","126-721-7382","Silver"
41093135,"Female","13-Mar-82","NV","273-769-6917","Gold"
61806100,"Female","07-Jan-92","OR","927-618-7894","Platinum"
81909700,"Female","14-Jan-61","IN","392-153-3128","Platinum"
7891758,"Male","16-Jan-82","ID","596-842-1325","Platinum"
95560169,"Male","25-Mar-73","RI","597-124-3297","Platinum"
48477566,"Female","22-Oct-92","AR","641-298-6278","Platinum"
38183238,"Female","15-Mar-85","FL","596-319-8236","Gold"
48335931,"Female","29-Jan-62","MO","654-352-4582","Silver"
74888099,"Male","22-Jul-80","CO","125-613-7698","Platinum"
9775143,"Female","10-Jan-95","LA","921-936-1682","Silver"
39959491,"Female","07-Apr-95","DE","139-742-5417","Silver"
69355027,"Female","17-Dec-64","MO","354-352-3891","Silver"
95639174,"Male","18-Apr-62","MD","574-785-1593","Platinum"
82028774,"Male","05-Jul-60","ME","935-874-7328","Platinum"
48673624,"Female","21-Mar-76","ID","536-156-4179","Platinum"
41009394,"Female","06-Jul-84","UT","384-934-5241","Gold"
42726730,"Female","03-Mar-66","IL","925-473-6217","Gold"
18062339,"Male","10-May-76","MO","572-567-1943","Silver"
6540281,"Male","08-Feb-93","AR","196-527-8275","Silver"
61582066,"Female","04-Apr-97","GA","385-513-8153","Platinum"
49058491,"Female","28-Feb-73","AL","794-453-2839","Platinum"
3124373,"Male","18-Dec-79","IA","527-891-4692","Platinum"
5345468,"Female","21-Mar-93","DE","279-185-9127","Platinum"
84147585,"Male","18-Oct-72","AK","743-569-4783","Gold"
85357756,"Male","02-Jan-70","PA","915-698-3649","Platinum"
53539195,"Male","02-Oct-89","NV","914-342-8239","Gold"
47153140,"Male","22-Jul-90","ID","738-413-2418","Platinum"
34369658,"Female","05-Aug-85","IN","897-847-6547","Gold"
14477985,"Male","09-Jul-98","NE","496-361-3285","Silver"
66521317,"Male","03-Sep-91","SD","519-549-9375","Silver"
9081086,"Male","06-Aug-76","WA","254-273-2185","Silver"
47237571,"Female","14-Nov-84","MI","982-854-4365","Platinum"
36009093,"Female","04-Jun-84","SC","264-374-5794","Platinum"
60016590,"Female","25-May-84","NV","649-742-8132","Silver"
96861647,"Female","06-Aug-96","NH","495-732-2638","Silver"
70659761,"Male","25-Jun-94","WI","928-163-5178","Platinum"
91010040,"Male","27-Jan-98","VA","329-421-9842","Gold"
69050904,"Female","19-Feb-96","ID","561-736-4597","Gold"
69128619,"Male","18-May-91","OK","728-846-5942","Gold"
76933532,"Female","04-Oct-76","PA","892-468-9436","Platinum"
25174766,"Female","19-Jul-95","VT","298-139-6894","Platinum"
38923726,"Female","28-Apr-88","VT","182-927-4389","Gold"
53225913,"Female","08-Apr-64","WY","568-238-7849","Silver"
83086717,"Male","12-Oct-65","SC","948-634-1547","Gold"
40460125,"Female","29-Dec-97","KY","149-439-8456","Silver"
88200222,"Female","15-Sep-66","NM","234-625-7536","Silver"
88878373,"Female","05-Jul-66","CT","536-642-3159","Gold"
97545319,"Male","18-Apr-63","OR","749-261-7893","Silver"
64610611,"Male","15-Jul-87","MO","854-324-1974","Silver"
24310699,"Male","21-Nov-81","ME","857-617-2867","Platinum"
42569977,"Female","24-Mar-97","MS","532-438-5347","Silver"
34803042,"Female","01-Jan-69","MI","148-169-8712","Platinum"
25512276,"Male","18-Dec-83","NY","748-391-1549","Gold"
9205013,"Male","11-Dec-63","DE","239-368-6759","Platinum"
29517588,"Female","15-Sep-99","OH","783-978-8392","Silver"
71462870,"Male","27-Apr-81","NJ","495-278-7638","Platinum"
53886536,"Male","19-Aug-60","FL","879-351-3681","Gold"
89279737,"Female","04-Nov-64","OK","912-289-1532","Platinum"
5027573,"Male","27-Aug-89","NM","948-589-4138","Gold"
69204774,"Male","18-Jun-60","MA","613-746-6123","Platinum"
9466593,"Female","21-May-78","CT","826-527-2935","Gold"
30679789,"Female","27-Jul-71","RI","571-543-7321","Silver"
15000907,"Male","27-Jul-64","NH","658-953-7692","Silver"
96795364,"Female","27-Jul-63","TX","548-374-3892","Silver"
33152432,"Female","25-Mar-88","IL","752-932-1462","Gold"
42867092,"Female","22-Aug-70","SC","596-249-8736","Silver"
47145694,"Female","18-Jul-61","MT","642-359-2349","Gold"
72833735,"Female","17-Jan-71","KY","893-531-9732","Silver"
3771583,"Female","12-Feb-78","OK","972-634-1294","Silver"
8609975,"Male","27-Dec-67","TN","142-326-1568","Platinum"
29235935,"Female","27-Oct-98","MD","281-869-9351","Platinum"
35459428,"Male","06-Nov-91","NH","642-462-7695","Silver"
2917414,"Female","30-Aug-82","SD","725-146-3826","Platinum"
55982230,"Male","05-May-91","MO","152-467-3764","Platinum"
69872861,"Female","05-Mar-64","VA","872-897-8156","Silver"
44866465,"Male","31-Aug-92","SD","738-518-3125","Silver"
39554038,"Male","05-Apr-70","MT","537-231-1768","Silver"
14712345,"Male","05-Dec-92","TN","527-732-1987","Silver"
41660480,"Female","11-Jan-80","ID","439-961-5261","Silver"
53981675,"Male","09-Apr-86","SC","839-731-7381","Platinum"
287476,"Male","28-Jul-88","FL","364-598-1549","Silver"
58378868,"Female","29-Oct-84","IA","367-512-2167","Gold"
62960540,"Male","29-Jul-88","TN","159-976-1642","Silver"
36780334,"Male","11-Jan-76","VT","253-864-1967","Silver"
17814402,"Female","14-Jul-84","PA","136-379-5432","Silver"
4420512,"Male","27-May-91","PA","316-643-2935","Silver"
51485708,"Female","23-Apr-97","WI","219-562-9756","Gold"
71496799,"Male","27-May-95","ND","843-251-7481","Platinum"
85983291,"Female","19-Jun-62","AR","715-829-4859","Gold"
29500814,"Male","09-Oct-62","SD","476-851-9768","Platinum"
74351384,"Male","02-Jul-86","LA","372-572-7263","Silver"
72363224,"Male","06-Jan-69","SC","271-324-8534","Silver"
41106063,"Male","26-Mar-88","FL","284-876-9462","Gold"
57043846,"Male","24-Dec-96","RI","756-197-4972","Silver"
31740446,"Male","26-Mar-73","NY","163-473-1482","Gold"
17690710,"Male","03-Mar-73","ME","693-739-2369","Silver"
50771198,"Male","15-Dec-94","ND","361-249-7392","Silver"
23460895,"Male","22-Jan-67","CT","567-179-5829","Platinum"
33628817,"Male","12-Aug-64","MS","243-497-9317","Silver"
32791401,"Male","27-Jul-94","MN","421-738-4967","Platinum"
86491727,"Female","29-Jan-97","IL","294-187-3286","Gold"
99674324,"Male","28-Jan-65","UT","517-562-4916","Silver"
81371138,"Female","09-Nov-63","MI","198-641-6743","Gold"
30199988,"Female","17-Mar-65","WY","321-296-9823","Platinum"
20299691,"Male","04-Jul-88","TN","375-958-4571","Platinum"
40591588,"Male","01-Nov-84","CA","652-837-5837","Silver"
28871739,"Female","29-Apr-77","NY","132-423-5694","Platinum"
46995469,"Male","23-Aug-73","MA","592-471-5829","Platinum"
8774687,"Male","08-May-80","KS","813-179-4628","Silver"
42083451,"Male","23-Nov-67","AK","689-375-9463","Platinum"
50560987,"Male","28-Jan-71","NM","927-641-9614","Platinum"
88881248,"Female","03-May-63","SC","389-128-5432","Gold"
30060683,"Female","02-Jul-83","AR","549-267-4197","Gold"
28999720,"Male","02-Nov-68","FL","534-219-7419","Platinum"
40971431,"Female","08-Jul-75","DE","519-935-1384","Platinum"
46866733,"Female","18-Jan-69","MN","453-351-9582","Gold"
6563653,"Male","02-Mar-76","NV","257-579-6281","Platinum"
9959859,"Male","18-Nov-70","NV","265-456-8296","Gold"
71404791,"Female","08-Sep-79","NJ","154-695-4765","Gold"
73491590,"Female","18-Jun-87","TX","196-126-1725","Gold"
11429044,"Male","16-Mar-78","NC","972-651-4751","Silver"
45634936,"Female","11-Jun-67","OK","173-527-4698","Platinum"
71108576,"Male","20-Dec-66","AL","783-148-8715","Silver"
9017128,"Female","29-Nov-67","MS","951-573-4932","Silver"
72587271,"Female","09-Sep-71","OK","372-592-3274","Silver"
12673582,"Female","15-May-82","VT","869-941-8925","Gold"
44821508,"Male","27-Feb-72","KY","651-851-4785","Platinum"
85683729,"Male","23-Aug-75","SD","416-182-5128","Silver"
90115894,"Male","16-Nov-69","OH","327-875-8379","Platinum"
45566276,"Male","31-May-80","TX","362-764-1857","Platinum"
12827745,"Female","16-Nov-72","HI","845-491-5421","Silver"
28590552,"Female","10-Jan-64","TN","189-813-7561","Silver"
15965441,"Female","26-May-74","NV","327-934-6843","Silver"
12779308,"Female","03-Feb-85","SD","415-968-7496","Platinum"
53719176,"Male","29-May-92","FL","174-342-7516","Silver"
51842360,"Female","03-Dec-76","AK","147-475-9412","Platinum"
56398264,"Female","29-Jun-79","NY","713-394-6524","Silver"
73898057,"Female","25-May-60","KS","418-459-4571","Platinum"
2476913,"Male","06-Jun-83","OH","591-934-6948","Gold"
66267050,"Female","14-May-62","NE","716-145-5671","Gold"
46551094,"Female","01-Aug-70","OR","564-598-2173","Platinum"
5061178,"Female","14-Oct-72","AR","532-216-1635","Silver"
29323970,"Male","03-Mar-71","NE","783-653-9163","Gold"
67243622,"Male","17-Oct-86","NE","715-435-9327","Gold"
62861487,"Male","09-Aug-87","NV","851-758-3157","Gold"
98083433,"Male","16-Oct-71","CA","912-418-8739","Gold"
15681024,"Female","28-Nov-83","AL","216-539-3569","Silver"
92644503,"Male","18-Apr-89","PA","845-829-8214","Gold"
65916260,"Female","06-Apr-96","KS","687-698-6425","Platinum"
34953203,"Female","09-May-97","ME","728-597-3415","Platinum"
99961993,"Male","10-Jun-95","AL","234-943-2876","Platinum"
42098367,"Female","27-Oct-74","MA","278-485-6849","Gold"
9130038,"Female","22-Nov-64","TN","382-247-4267","Silver"
80562391,"Female","24-Feb-60","NY","521-689-3269","Gold"
28932340,"Male","05-Jan-96","LA","652-265-8231","Gold"
79212942,"Female","31-Jan-60","NY","371-639-4189","Platinum"
5864769,"Male","17-Nov-82","CO","314-953-3162","Gold"
3955265,"Male","27-Feb-77","IN","324-296-9625","Platinum"
42882285,"Female","21-Dec-62","SD","149-928-6451","Platinum"
96134505,"Female","03-Jun-84","CT","832-482-4236","Silver"
8375366,"Female","29-Jul-63","AL","875-392-9487","Gold"
82000019,"Male","10-Oct-92","MI","785-894-3194","Silver"
30394029,"Female","08-Jan-70","SC","742-324-8253","Gold"
51525336,"Female","06-Jun-78","HI","485-435-7918","Silver"
54963034,"Female","14-Apr-66","CT","937-293-7985","Platinum"
90876878,"Male","20-Mar-93","OH","897-689-5672","Silver"
16216085,"Female","26-Dec-72","VT","719-273-4738","Platinum"
11982382,"Male","14-Mar-88","OH","439-628-2835","Gold"
33290806,"Male","29-Aug-96","FL","938-486-2376","Gold"
39628347,"Female","10-Jun-70","SD","591-895-6541","Platinum"
84277947,"Female","16-Aug-97","IL","364-165-1298","Silver"
95856464,"Male","03-Jun-99","WI","354-648-3765","Gold"
67335009,"Female","26-Feb-83","MA","732-284-9752","Platinum"
8765210,"Male","27-May-73","WA","893-183-3164","Gold"
77765211,"Male","08-Oct-81","NV","754-754-6471","Silver"
39035416,"Male","29-Jul-61","IA","785-836-9316","Platinum"
5264479,"Male","04-Sep-83","WI","738-216-9185","Gold"
24769711,"Male","04-Aug-66","NH","159-574-8794","Silver"
98142348,"Male","25-Jul-76","CA","416-278-7936","Platinum"
22328083,"Male","15-Sep-72","MT","384-486-4537","Silver"
85984961,"Female","29-Aug-82","CA","948-162-6123","Silver"
46937376,"Female","15-Feb-94","AL","784-895-3481","Gold"
54252815,"Female","01-Apr-92","IN","625-425-9124","Gold"
17774827,"Male","09-Jun-67","FL","239-143-5279","Gold"
80544918,"Female","22-Jun-87","MS","739-748-9768","Platinum"
18818283,"Female","03-May-97","CT","179-136-6493","Platinum"
22370979,"Male","17-Jan-62","CO","768-829-7481","Silver"
88623068,"Female","14-May-78","FL","532-674-5268","Silver"
89044601,"Male","21-Oct-64","AL","613-467-9145","Gold"
73876237,"Female","27-Jan-75","AL","879-185-4857","Silver"
47585713,"Male","20-Apr-71","ND","627-861-9247","Platinum"
16981057,"Female","07-Aug-66","MT","685-645-1276","Gold"
32301882,"Male","31-May-67","NM","124-437-6728","Silver"
16717085,"Male","11-Dec-84","AR","172-426-6187","Gold"
75192560,"Female","22-Mar-84","IA","784-943-8563","Platinum"
24715429,"Female","23-Mar-81","WY","689-678-8591","Platinum"
2121802,"Male","27-Aug-80","PA","827-714-7821","Silver"
30966524,"Male","31-Jan-85","RI","847-169-5361","Gold"
63238733,"Female","08-Sep-93","AZ","268-398-8256","Gold"
39608351,"Male","03-Dec-83","IA","142-758-5874","Gold"
16453494,"Female","17-Apr-78","CT","786-768-5678","Silver"
92789350,"Male","14-Aug-71","CT","486-257-6798","Silver"
83706741,"Female","13-Nov-71","NJ","368-385-8726","Silver"
92400577,"Male","14-May-71","MA","625-823-4875","Silver"
90646435,"Female","07-Dec-78","IL","356-975-8315","Gold"
56229221,"Female","03-Jul-93","DE","436-376-2349","Silver"
63788489,"Male","01-May-71","SC","549-471-1638","Platinum"
49187749,"Male","03-Feb-84","FL","748-417-3164","Gold"
58144290,"Male","08-Jan-79","TX","893-725-3847","Gold"
21330507,"Male","13-Mar-62","TX","871-328-3185","Platinum"
21066098,"Female","16-Aug-62","LA","356-637-2735","Platinum"
46673661,"Male","28-Oct-97","MI","123-942-4267","Platinum"
48477164,"Female","20-Oct-76","NV","572-493-8516","Silver"
42351519,"Female","03-Jul-79","GA","237-467-4729","Gold"
25879245,"Male","11-Jun-82","WA","154-126-4286","Gold"
86301193,"Female","23-Dec-80","LA","951-543-3542","Platinum"
12996134,"Female","28-Jun-71","AL","925-723-2589","Platinum"
44003496,"Male","30-Dec-62","CO","156-853-4153","Gold"
89737711,"Male","30-Mar-91","WA","641-148-4597","Platinum"
32560779,"Female","18-Nov-60","KS","715-238-2678","Gold"
8039037,"Female","16-Oct-86","OH","714-274-5137","Gold"
68723599,"Male","14-Nov-65","OR","264-348-3762","Silver"
46129941,"Female","16-Mar-99","WV","943-157-4137","Silver"
58098499,"Female","27-May-88","MN","756-876-1238","Silver"
12377926,"Male","11-Nov-99","MS","735-517-7849","Silver"
20444103,"Male","17-Jan-80","KY","354-473-1357","Gold"
89456307,"Male","03-Aug-96","ID","135-341-8196","Platinum"
15166995,"Female","26-Mar-77","NC","129-568-9713","Gold"
38384757,"Female","09-Feb-97","KS","259-327-3729","Platinum"
74219574,"Female","28-Oct-67","NE","579-316-6573","Silver"
3967610,"Female","02-Sep-63","KS","947-413-6812","Platinum"
441097,"Male","19-Aug-71","CA","187-348-8375","Gold"
86992868,"Male","28-Sep-87","MS","826-714-7823","Silver"
78277006,"Female","29-Feb-92","WI","146-531-2189","Platinum"
83499843,"Male","03-Dec-88","ME","276-859-1849","Silver"
71585789,"Male","10-Oct-70","WV","156-568-1835","Platinum"
6342530,"Female","05-Apr-74","MO","852-547-4379","Silver"
72081129,"Male","19-Apr-73","SC","124-584-4261","Gold"
2413612,"Female","24-Jun-62","MO","354-589-7983","Gold"
263204,"Male","20-Dec-72","TX","173-892-6314","Silver"
8733543,"Male","29-Aug-93","IA","413-394-4173","Gold"
14792193,"Female","15-Jan-62","HI","587-954-9637","Gold"
80581271,"Male","15-May-67","WI","179-763-7395","Platinum"
18426154,"Male","07-Jun-60","NJ","879-485-1945","Gold"
85689455,"Female","20-Dec-81","RI","285-326-1834","Gold"
64270813,"Female","13-Mar-96","WY","643-297-4563","Silver"
51547112,"Female","09-Jan-66","CO","572-697-6125","Silver"
48609526,"Male","29-Jul-70","MN","493-794-4563","Platinum"
49759488,"Male","27-May-66","CT","173-198-2416","Silver"
56075921,"Female","05-Jul-69","FL","148-396-5961","Platinum"
76916649,"Female","10-May-92","SC","854-921-6417","Silver"
47565478,"Female","28-Jan-61","ND","786-685-8236","Silver"
18282409,"Female","29-Sep-73","AK","326-215-7361","Gold"
8715802,"Female","27-Aug-68","VT","573-719-2548","Silver"
42708350,"Male","29-Apr-95","MT","472-942-8126","Silver"
39405635,"Male","19-Mar-75","ID","216-347-2435","Gold"
48038858,"Female","11-Jun-89","NY","374-852-9148","Silver"
15880215,"Male","29-Apr-89","WI","349-735-4516","Platinum"
13088377,"Female","09-Nov-91","WY","794-928-4196","Platinum"
88870543,"Female","11-Dec-97","WV","591-659-9652","Platinum"
9339845,"Male","31-Jul-69","MO","976-293-9743","Gold"
13926634,"Male","08-Jul-82","FL","653-896-2719","Platinum"
18307355,"Male","09-Nov-68","ID","879-542-1978","Platinum"
50436220,"Male","05-Aug-80","NJ","748-715-9783","Gold"
66353946,"Female","20-Nov-79","KS","512-457-6923","Gold"
39881716,"Female","27-Jan-79","CT","764-685-8523","Silver"
28239393,"Male","19-Aug-78","AL","569-268-4785","Platinum"
5237129,"Male","21-Mar-99","WY","392-746-4561","Platinum"
19521118,"Female","21-Dec-70","SD","967-765-9625","Silver"
14892213,"Female","29-Aug-87","WV","413-256-8476","Gold"
53442249,"Male","23-May-81","VA","971-473-5832","Silver"
45971331,"Male","28-Aug-94","AK","936-389-8497","Platinum"
79889146,"Male","21-May-75","MT","193-219-1842","Silver"
21774335,"Male","07-Feb-77","OK","127-839-1746","Gold"
66284489,"Female","10-Apr-95","OH","967-136-5829","Gold"
72488905,"Female","10-Mar-80","NM","275-826-8236","Platinum"
93910149,"Male","10-Aug-96","HI","574-165-9841","Silver"
77116501,"Female","04-Apr-68","AR","915-934-5617","Platinum"
95822358,"Female","17-Dec-76","MD","851-432-1692","Silver"
54699348,"Female","30-Aug-75","NY","321-312-5267","Silver"
96496046,"Female","01-Apr-60","VA","965-645-9821","Platinum"
73869005,"Female","01-Jul-64","WV","695-428-9762","Gold"
83827717,"Female","24-Jan-88","NY","578-732-1238","Platinum"
55401227,"Male","18-Aug-91","MA","143-594-1839","Gold"
80295008,"Female","15-Sep-83","NY","542-369-9823","Platinum"
28820055,"Female","05-Dec-87","RI","612-458-8546","Gold"
93455439,"Female","20-Feb-72","MA","423-423-9561","Gold"
19478893,"Male","01-Mar-68","GA","981-142-3251","Gold"
45419022,"Female","01-Dec-93","NY","127-875-1924","Gold"
49583926,"Female","02-Aug-90","MD","853-612-6958","Gold"
72296323,"Male","06-Nov-60","PA","287-152-8153","Platinum"
10149231,"Female","22-Mar-92","FL","291-942-3485","Platinum"
93009704,"Male","16-Jul-98","ID","264-681-4759","Platinum"
60987956,"Male","26-Apr-82","MN","531-564-3296","Platinum"
68709394,"Female","23-Sep-66","ID","461-259-2635","Silver"
27878628,"Female","08-Aug-60","ND","538-689-6358","Platinum"
90085898,"Female","26-Feb-65","AK","789-783-8149","Platinum"
56098966,"Female","23-Mar-67","ME","456-658-1623","Gold"
69317965,"Male","08-Jun-79","VT","265-749-8245","Platinum"
81968615,"Male","23-Jun-79","MT","397-495-7834","Gold"
83223514,"Male","28-Jun-97","SC","528-138-3187","Gold"
78341228,"Male","26-Nov-86","SD","475-573-2957","Gold"
41462913,"Female","24-Oct-61","WI","825-927-2861","Gold"
80905889,"Male","13-Dec-62","UT","398-297-3568","Gold"
93822307,"Male","15-Nov-87","NE","534-856-2654","Platinum"
4889449,"Male","29-Dec-94","MT","574-832-2793","Platinum"
98199694,"Female","04-Apr-78","GA","562-319-1874","Platinum"
50460892,"Male","06-May-61","ME","657-645-1346","Gold"
42664554,"Female","13-Aug-93","TN","396-973-2531","Gold"
94943525,"Male","12-Sep-92","AR","612-362-1354","Gold"
45434540,"Male","16-Sep-93","AK","942-916-1537","Silver"
88544496,"Female","16-May-75","VT","872-963-2459","Gold"
36544565,"Female","17-May-87","WV","973-438-4792","Platinum"
90234480,"Male","18-Dec-64","VA","517-291-4237","Platinum"
40801256,"Male","13-Aug-86","NH","486-258-3256","Gold"
67052896,"Female","08-Jul-66","SD","328-159-3275","Silver"
15323667,"Female","10-May-73","SD","489-326-8267","Silver"
67070056,"Male","22-Nov-94","WV","825-189-8961","Platinum"
20607084,"Female","23-Apr-68","GA","986-435-7468","Silver"
86886743,"Female","06-Oct-66","NV","823-732-3156","Platinum"
52995625,"Female","03-Sep-97","OK","129-598-3652","Gold"
63137507,"Male","11-Oct-90","CO","347-689-5786","Platinum"
56250763,"Female","02-Jan-67","RI","983-156-3481","Platinum"
35593972,"Male","09-Dec-79","TN","854-195-3892","Gold"
86820732,"Female","25-Apr-66","MA","952-123-3526","Gold"
45113346,"Female","22-Apr-69","UT","146-429-5398","Silver"
54668401,"Female","10-Oct-60","NY","247-219-5483","Platinum"
80002521,"Male","19-Aug-77","NH","178-723-8945","Platinum"
14664886,"Male","31-Jan-89","VA","396-428-6874","Silver"
29903212,"Male","16-Dec-89","DE","279-918-3268","Platinum"
95628948,"Male","22-Sep-60","AR","647-458-1294","Platinum"
39497409,"Female","04-Oct-90","UT","976-537-8734","Silver"
77006226,"Female","13-Feb-98","TX","641-295-5498","Platinum"
23252820,"Female","11-Oct-69","SC","674-215-4376","Silver"
96116969,"Female","14-Nov-82","AR","748-514-3246","Platinum"
46076664,"Male","02-Aug-60","PA","148-648-3179","Platinum"
91322083,"Female","28-Apr-83","CO","425-138-4538","Gold"
34414080,"Female","08-Jul-74","SC","645-754-1947","Silver"
87607433,"Male","31-May-96","LA","856-489-8236","Gold"
99892000,"Male","08-Jun-95","OR","395-246-6172","Gold"
74633480,"Male","22-Jun-66","MI","598-245-7941","Gold"
16859101,"Female","30-Jun-61","NJ","639-138-8341","Silver"
92362143,"Male","13-Feb-86","ID","793-679-4175","Gold"
41291823,"Male","08-Jan-87","OR","982-936-8792","Gold"
46710738,"Male","28-Apr-77","MO","962-834-9361","Gold"
47415706,"Female","08-Aug-61","DE","179-574-5837","Gold"
83944124,"Male","19-Oct-84","NM","984-483-1653","Gold"
58198965,"Female","20-Jul-90","WV","752-392-1925","Platinum"
80503762,"Male","25-Sep-96","UT","892-124-9765","Silver"
15214936,"Male","06-Mar-63","OR","295-845-1275","Silver"
81970531,"Female","01-Feb-65","MI","513-368-1948","Platinum"
12826843,"Female","16-Aug-89","WI","924-524-2158","Platinum"
20643817,"Female","15-May-70","OK","542-287-9413","Gold"
38369440,"Female","05-Aug-91","NJ","742-182-2491","Silver"
69427973,"Female","10-Apr-77","NC","875-685-4195","Platinum"
3497881,"Male","12-Jun-75","MD","873-612-3918","Gold"
46678650,"Male","10-Aug-63","GA","527-735-4351","Gold"
17664425,"Male","13-Jul-93","IL","961-243-4972","Gold"
41128407,"Male","09-Jul-66","SD","812-324-7932","Silver"
75884493,"Female","27-Jul-69","VT","196-435-7259","Gold"
22580068,"Female","08-Apr-61","NM","645-965-3267","Silver"
49170442,"Male","22-Dec-85","HI","821-347-4893","Silver"
76962128,"Female","16-Jul-93","MD","295-234-8213","Platinum"
72991636,"Female","24-Nov-89","DE","258-596-5932","Silver"
24053072,"Male","05-Feb-89","ND","573-549-3541","Silver"
68458649,"Female","19-Jan-79","NC","264-287-3795","Platinum"
98401399,"Female","07-Oct-68","IA","219-593-1674","Silver"
8310837,"Male","13-Jun-86","IA","498-387-9816","Silver"
99170243,"Male","03-Aug-93","OH","534-435-2968","Platinum"
33314915,"Female","21-Oct-91","LA","581-835-6243","Platinum"
58693933,"Male","21-Dec-77","MS","892-871-4967","Platinum"
65898442,"Female","25-Sep-68","MO","197-948-5692","Platinum"
40303052,"Male","22-Apr-86","OH","756-974-6729","Gold"
94030912,"Female","06-Feb-95","NC","358-672-8271","Gold"
76282379,"Female","26-Oct-88","OH","293-325-8742","Platinum"
62528525,"Male","06-Oct-80","LA","964-932-9364","Platinum"
69526996,"Female","09-Jan-99","ND","372-583-6278","Silver"
88566888,"Male","15-Aug-85","LA","982-362-7125","Silver"
30015627,"Male","11-Sep-69","SC","254-523-1634","Silver"
70088729,"Male","06-Dec-62","WI","453-475-2863","Silver"
53042145,"Female","04-Oct-64","TN","139-746-7128","Platinum"
12499211,"Female","15-Dec-68","MA","851-792-1325","Gold"
3915010,"Male","30-May-87","VA","832-789-5916","Platinum"
23094322,"Female","08-Jan-93","RI","138-136-4367","Gold"
95863439,"Male","20-Feb-83","CT","465-372-5829","Gold"
72212627,"Male","09-Sep-85","SD","693-927-5932","Silver"
49164086,"Male","09-Jul-62","OR","691-483-5398","Gold"
44050095,"Male","04-Jun-77","DE","314-298-9257","Platinum"
10198314,"Female","10-Nov-80","WI","176-861-1936","Platinum"
84861652,"Male","04-Jun-78","NY","241-947-3176","Gold"
88489646,"Female","17-May-71","WA","278-241-1657","Gold"
89364843,"Male","05-Jan-69","SD","837-432-3471","Gold"
29459103,"Female","05-May-86","MS","413-741-7425","Silver"
86164274,"Male","28-Dec-62","SC","843-361-2796","Platinum"
41858669,"Female","23-Apr-69","WY","694-974-1367","Silver"
9113953,"Female","14-Jul-73","IL","123-748-9215","Silver"
6984936,"Female","21-Apr-92","NM","546-428-8532","Platinum"
37686146,"Male","08-Jan-72","OK","974-576-2485","Silver"
86088574,"Female","15-Feb-72","OH","317-643-4523","Gold"
73685982,"Female","12-Mar-98","WV","943-981-6734","Platinum"
63279444,"Male","14-Oct-90","NY","812-481-7352","Gold"
84080228,"Male","10-Nov-69","NV","652-429-1295","Silver"
99723844,"Female","19-Jun-66","HI","457-752-1374","Gold"
885337,"Male","17-Feb-62","HI","321-534-5263","Platinum"
22125988,"Female","23-Nov-93","MS","938-182-5821","Silver"
79391302,"Male","30-Oct-84","UT","425-721-8315","Silver"
75483302,"Female","19-Jun-82","MA","517-792-6423","Platinum"
86977672,"Female","23-Sep-69","KY","539-124-8432","Platinum"
7703371,"Female","07-Feb-97","VT","418-179-2358","Gold"
69101618,"Male","09-May-61","CT","628-392-7835","Silver"
20681481,"Male","20-Oct-82","RI","496-453-2738","Gold"
9897266,"Female","30-May-74","VT","768-896-9716","Gold"
69165409,"Female","11-Oct-94","NY","843-784-1843","Silver"
97226830,"Male","23-Oct-80","AZ","654-347-5163","Gold"
66788290,"Male","08-Nov-84","KS","735-872-2517","Silver"
67697862,"Male","22-Jan-93","MN","286-291-2315","Silver"
69623124,"Female","25-Nov-67","OR","765-763-6743","Silver"
86445910,"Female","07-Sep-91","RI","728-486-9516","Platinum"
48445766,"Male","21-Nov-80","AR","657-359-2536","Platinum"
74787956,"Male","19-Jun-89","TX","679-514-5894","Gold"
45364348,"Male","13-Jun-67","IA","342-564-3152","Gold"
81661419,"Male","12-Feb-80","ID","486-416-1928","Platinum"
78301168,"Male","28-Nov-99","CT","516-179-8162","Silver"
91447671,"Male","18-Dec-76","IL","298-195-6512","Silver"
23445933,"Female","01-Jan-66","MS","657-568-6495","Platinum"
86320995,"Male","04-Jul-91","IN","978-347-9514","Gold"
77134414,"Male","10-Jul-83","AL","693-239-2865","Silver"
71986983,"Female","15-Oct-82","UT","497-684-3678","Platinum"
28528424,"Female","02-Mar-60","ND","592-738-9582","Platinum"
26346266,"Male","25-Mar-71","NM","397-468-8746","Platinum"
71259315,"Male","06-Nov-86","IA","197-824-7356","Gold"
78119838,"Male","12-Apr-79","AL","268-851-1528","Silver"
27598176,"Female","29-Jan-65","TN","436-192-5639","Platinum"
83135621,"Male","22-Feb-77","NH","986-541-8762","Platinum"
51760038,"Female","09-Dec-89","IN","958-286-8926","Platinum"
91002298,"Male","09-Apr-98","MA","349-124-3976","Gold"
16906248,"Female","20-Jun-62","CA","278-253-8457","Gold"
93133213,"Male","11-Nov-63","NJ","486-592-4186","Silver"
18369428,"Male","03-May-93","OK","256-457-9645","Gold"
71676845,"Male","07-Apr-94","IN","549-982-1984","Silver"
68067526,"Male","05-Aug-79","WY","871-381-6378","Silver"
97169446,"Female","05-Jun-75","WY","438-219-7419","Platinum"
44453657,"Female","03-Dec-96","NC","467-984-2893","Gold"
32646041,"Female","07-Jun-79","ID","815-567-6153","Platinum"
41946743,"Female","26-Sep-70","WA","756-245-4789","Gold"
74207825,"Female","15-Mar-65","MI","173-637-9613","Platinum"
24247743,"Female","24-May-88","ID","792-136-5173","Silver"
69608621,"Female","21-Oct-68","MD","523-793-4315","Silver"
72664684,"Female","28-Dec-96","ND","964-582-8145","Platinum"
18174078,"Female","07-Apr-85","GA","945-398-3528","Gold"
34756508,"Male","31-May-97","RI","182-247-2167","Silver"
608461,"Male","17-Dec-94","AR","963-187-2873","Platinum"
12015897,"Male","16-Nov-71","WA","465-854-9358","Silver"
60965575,"Female","12-Sep-80","OH","526-741-6397","Silver"
81634435,"Male","30-Jul-88","AR","937-675-5842","Gold"
67849662,"Female","25-Aug-91","PA","143-543-9264","Silver"
96439036,"Male","29-Jun-89","AK","359-671-3659","Gold"
51033228,"Male","13-Oct-85","IN","534-462-2657","Gold"
58451506,"Male","22-Apr-68","FL","673-574-7823","Gold"
26734721,"Male","02-Jul-72","CT","659-876-5694","Gold"
20923121,"Female","05-Jul-76","NY","617-927-8491","Silver"
56425562,"Female","18-Mar-63","GA","823-712-3528","Platinum"
79174311,"Female","26-May-78","CO","312-798-5213","Platinum"
30119782,"Female","11-Jun-90","WA","753-397-4823","Gold"
57267299,"Male","11-Feb-70","VT","128-576-3825","Silver"
90217818,"Female","18-May-80","TN","891-651-8671","Gold"
70708127,"Female","18-Jan-75","TX","189-276-3957","Platinum"
75934330,"Female","09-Oct-87","ME","951-941-3975","Platinum"
71288937,"Female","03-Jul-74","AR","692-817-1972","Gold"
81526763,"Female","09-Oct-84","OH","592-192-8417","Gold"
78064067,"Female","04-Nov-99","MS","713-457-9846","Gold"
29854604,"Male","02-Sep-75","WI","214-457-4352","Gold"
8684318,"Male","28-May-69","NE","145-563-2137","Gold"
46513280,"Female","02-Jan-83","CO","124-652-9816","Silver"
6104555,"Male","01-Oct-82","CT","456-218-8516","Gold"
51669975,"Female","05-Feb-88","ND","975-463-9541","Silver"
3205230,"Male","10-Mar-77","NC","352-354-2546","Platinum"
87596868,"Male","18-Nov-61","AZ","573-396-3182","Silver"
82089910,"Male","09-Oct-73","FL","257-248-4825","Silver"
57452643,"Female","10-Jul-81","HI","348-562-2673","Platinum"
65208809,"Male","22-Apr-64","VA","286-128-6132","Platinum"
6756905,"Male","21-Oct-97","NE","924-427-8125","Silver"
46850495,"Male","21-Aug-62","NV","761-193-2346","Platinum"
79539873,"Female","15-Mar-81","ND","459-425-4319","Platinum"
42364152,"Female","07-Jul-96","ID","529-462-1635","Silver"
19888166,"Male","11-Apr-90","WI","712-651-9613","Gold"
11256802,"Female","22-Oct-64","LA","469-345-5617","Silver"
61575264,"Male","12-Jul-95","WY","182-385-1392","Gold"
